clinic,city,contact_name,email,website,subject,status
Dental Studio Ensjø,Oslo,,ensjo@dentalstudio.no,https://dentalstudio.no,Flere pasienter til Dental Studio Ensjø – gratis oppstartsmåned,ready
Dental Studio Lørenskog,Lørenskog,,lorenskog@dentalstudio.no,https://dentalstudio.no,Flere pasienter til Dental Studio Lørenskog – gratis oppstartsmåned,ready
Smil Tannlegesenter Bjørvika,Oslo,,info@smiltannlegesenter.no,https://www.smiltannlegesenter.no,Fyll kalenderen hos Smil Tannlegesenter Bjørvika – gratis oppstartsmåned,ready
Smil Tannlegesenter Bekkestua,Bekkestua,,info@smiltannlegesenter.no,https://www.smiltannlegesenter.no,Fyll kalenderen hos Smil Tannlegesenter Bekkestua – gratis oppstartsmåned,duplicate-email (same as Bjørvika – send one combined)
Oslo Vest Tannklinikk,Oslo,,,https://oslovesttannklinikk.no,Flere pasienter til Oslo Vest Tannklinikk – gratis oppstartsmåned,email mangler – sjekk kontaktskjema på nettsiden
Lysaker Brygge Tannklinikk,Lysaker,Louise,post@lysakerbryggetannklinikk.no,https://lysakerbryggetannklinikk.no,Flere timebestillinger til Lysaker Brygge Tannklinikk – gratis oppstartsmåned,ready
Rosenhoff Tannklinikk,Oslo,,rosenhoff.tannklinikk@gmail.com,https://www.rosenhofftannklinikk.no,Flere pasienter til Rosenhoff Tannklinikk – gratis oppstartsmåned,ready
Kransen Tannlegesenter,Moss,,kransen@smilehull.no,https://kransentannlegesenter.no,Flere pasienter til Kransen Tannlegesenter – gratis oppstartsmåned,ready
Tannkunsten,Ski,Alan,hei@tannkunsten.no,https://tannkunsten.no,Fyll kalenderen hos Tannkunsten – gratis oppstartsmåned,ready
Arkaden Tann,Oslo,Anne,arkadentann@gmail.com,https://arkadentann.no,Flere pasienter til Arkaden Tann – gratis oppstartsmåned,ready
Glint Tannhelse,Gjerdrum,,kontakt@glinttannhelse.no,https://www.glinttannhelse.no,Flere timebestillinger til Glint Tannhelse – gratis oppstartsmåned,ready
Mint Dental / Mint Tannhelse,Oslo,Sara,,https://www.octannklinikker.no/sarasolstad,Flere pasienter til Mint Tannhelse – gratis oppstartsmåned,email mangler
TannSpes,Oslo,,post@tannspes.no,https://tannspes.no,Flere henvisninger og synlighet for TannSpes – gratis oppstartsmåned,ready
Tannami Klinikk,Billingstad,,avtale@tannami.no,https://www.tannami.no,Flere pasienter til Tannami Klinikk – gratis oppstartsmåned,ready
NorFloss,Halden,,smil@norfloss.no,https://norfloss.no,Fyll kalenderen hos NorFloss – gratis oppstartsmåned,ready
Lille Smil,Lillestrøm,Emeline,hei@lillesmil.no,https://lillesmil.no,Flere pasienter til Lille Smil – gratis oppstartsmåned,ready
Sportsklinikken,Oslo,,,,Flere pasienter til Sportsklinikken – gratis oppstartsmåned,nettside og email mangler
Romerike Tannlegesenter,Kløfta,,post@romeriketannlegesenter.no,https://romeriketannlegesenter.no,Flere timebestillinger til Romerike Tannlegesenter – gratis oppstartsmåned,ready
Tannlegehuset Lillestrøm,Lillestrøm,,hei@tannlegehusetlillestrom.no,https://tannlegehusetlillestrom.no,Flere pasienter til Tannlegehuset Lillestrøm – gratis oppstartsmåned,ready
Nurdent Lillestrøm Tannlegesenter,Lillestrøm,,,https://nurdent.no,Flere pasienter til Nurdent Lillestrøm – gratis oppstartsmåned,email mangler – sjekk kontaktskjema
Ullensaker Tannlegesenter,Jessheim,,post@ullensakertannlegesenter.no,https://ullensakertannlegesenter.no,Flere timebestillinger til Ullensaker Tannlegesenter – gratis oppstartsmåned,ready
Greverud Tannlegesenter,Oppegård,,post@greverudtannlegesenter.no,https://greverudtannlegesenter.no,Flere pasienter til Greverud Tannlegesenter – gratis oppstartsmåned,ready
Clear Tannlegesenter Drammen,Drammen,,post@cleartannlegesenter.no,https://www.cleartannlegesenter.no,Fyll kalenderen hos Clear Tannlegesenter – gratis oppstartsmåned,ready
Stadion Tannklinikk,Hamar,Inge,post@stadion-tannklinikk.no,https://www.stadiontannklinikk.no,Flere pasienter til Stadion Tannklinikk – gratis oppstartsmåned,ready
Tønsberg Tannlegesenter,Tønsberg,Natalya,post@tonsbergtannlegesenter.no,https://www.tonsbergtannlegesenter.no,Flere timebestillinger til Tønsberg Tannlegesenter – gratis oppstartsmåned,ready
Tannhuset Lillehammer,Lillehammer,Dag,post@tannlegenordblom.no,https://tannlegenordblom.no,Flere pasienter til Tannhuset Lillehammer – gratis oppstartsmåned,ready
Tannhjørnet Krøgenes,Arendal,Anna,post@tannhjornet.no,https://tannhjornet.no,Flere pasienter til Tannhjørnet Krøgenes – gratis oppstartsmåned,ready
Fagerholt Tannlegesenter,Kristiansand,,kontakt@fagtann.no,https://fagtann.no,Flere timebestillinger til Fagerholt Tannlegesenter – gratis oppstartsmåned,ready
Prestestien Tannlegepraksis,Bergen,Kawa,,https://www.prestestientannlegepraksis.no,Flere pasienter til Prestestien Tannlegepraksis – gratis oppstartsmåned,email mangler – sjekk kontaktskjema
Daaeskogen Tannlegesenter,Ålesund,Sofie,post@moatann.no,https://www.daaeskogentannlegesenter.no,Flere pasienter til Daaeskogen Tannlegesenter – gratis oppstartsmåned,ready
Prima Tannklinikk,Fredrikstad,,post@primatannklinikk.no,https://primatannklinikk.no,Fyll kalenderen hos Prima Tannklinikk – gratis oppstartsmåned,ready
Vita Tannklinikk,Strømmen,,post@vita-tannklinikk.no,https://vita-tannklinikk.no,Flere pasienter til Vita Tannklinikk – gratis oppstartsmåned,ready
Knobel Atkinson Tannlegesenter,Vennesla,Solveig,post@knobelatkinson.no,https://knobelatkinson.no,Flere pasienter til Knobel Atkinson Tannlegesenter – gratis oppstartsmåned,ready
Simonsen Tannlegeklinikk,Oslo,,simonkl@online.no,https://www.simonsentannlegeklinikk.no,Flere pasienter til Simonsen Tannlegeklinikk – gratis oppstartsmåned,ready
Tannlege Øystein Misje,Holmestrand,Øystein,post@tannlegemisje.no,https://tannlegemisje.no,Flere pasienter til Tannlege Misje – gratis oppstartsmåned,ready
Tannlege Andrei Sørlie,Elverum,Andrei,,,Flere pasienter til Tannlege Sørlie – gratis oppstartsmåned,nettside og email mangler
Tannlege Bergan,Skien,Kenneth,post@tannlegebergan.no,https://www.tannlegebergan.no,Flere pasienter til Tannlege Bergan – gratis oppstartsmåned,ready
Tannlege Hekneby,Drammen,Lars,post@tannlegehekneby.no,https://www.tannlegehekneby.no,Flere pasienter til Tannlege Hekneby – gratis oppstartsmåned,ready
Skullerud Tannlegesenter,Oslo – Skullerud,,resepsjon@skullerudtannlegesenter.no,https://skullerudtannlegesenter.no,Flere pasienter til Skullerud Tannlegesenter – gratis oppstartsmåned,ready
Tveitaklinikken,Oslo – Tveita,,post@tveitaklinikken.no,https://tveitaklinikken.no,Fyll kalenderen hos Tveitaklinikken – gratis oppstartsmåned,ready
Kalbakken Tannlegesenter,Oslo – Kalbakken,,postmaster@kalbakken-tannlege.no,https://kalbakken-tannlege.no,Flere pasienter til Kalbakken Tannlegesenter – gratis oppstartsmåned,ready
Tannlege Ann-Kristin Engen,Oslo – St. Hanshaugen,Ann-Kristin,post@tannengen.no,https://tannengen.no,Flere pasienter til din praksis – gratis oppstartsmåned,ready
Årvoll Tannhelse,Oslo – Årvoll,,post@aarvolltannhelse.no,,Flere timebestillinger til Årvoll Tannhelse – gratis oppstartsmåned,ready
Bølerlia Tannlegesenter,Oslo – Bøler,,post@bolertannlege.no,https://bolertannlege.no,Flere pasienter til Bølerlia Tannlegesenter – gratis oppstartsmåned,ready
Grünerløkka Tannhelsesenter,Oslo – Grünerløkka,,kontakt@grunerlokka-tannhelsesenter.no,https://grunerlokka-tannhelsesenter.no,Fyll kalenderen hos Grünerløkka Tannhelsesenter – gratis oppstartsmåned,ready
Ammerud Tannklinikk og Tannlegevakt,Oslo – Ammerud,,post@ammerudtannlege.no,https://ammerudtannlege.no,Synlighet på akutt-søk for Ammerud Tannlegevakt – gratis oppstartsmåned,ready
Holmlia Tannlegekontor,Oslo – Holmlia,,adm@holmliatannlegene.no,https://holmliatannlegene.no,Flere pasienter til Holmlia Tannlegekontor – gratis oppstartsmåned,ready
Oppsal Tannlegesenter,Oslo – Oppsal,,post@oppsaltannlegesenter.no,https://oppsaltannlegesenter.no,Flere timebestillinger til Oppsal Tannlegesenter – gratis oppstartsmåned,ready
Tannlege Caspersen,Oslo – Vika,,j.casper@online.no,https://tannlegecaspersen.no,Flere pasienter til Tannlege Caspersen – gratis oppstartsmåned,ready
Aktiv Tannklinikk,Oslo – Storgata/Furuset,,post@aktivtann.no,https://aktivtann.no,Fyll kalenderen hos Aktiv Tannklinikk – gratis oppstartsmåned,ready
Storo Storsenter Tannklinikk,Oslo – Storo,,post@storostorsentertannklinikk.no,https://storostorsentertannklinikk.no,Flere pasienter til Storo Storsenter Tannklinikk – gratis oppstartsmåned,ready
Mortensrud Tannlegesenter,Oslo – Mortensrud,,post@mortensrudtannlege.no,https://mortensrudtannlege.no,Flere timebestillinger til Mortensrud Tannlegesenter – gratis oppstartsmåned,ready
Oris Dental Rommen,Oslo – Rommen,,rommen@orisdental.no,https://orisdental.no/klinikker/rommen,Flere pasienter til Oris Dental Rommen – gratis oppstartsmåned,ready (kjedeklinikk – beslutning kan ligge sentralt)
Tannlegehaugen,Oslo – Bislett,Einar,tannbjart@gmail.com,https://tannlegehaugen.no,Flere pasienter til Tannlegehaugen – gratis oppstartsmåned,ready
Odontia Tannlegene Ullevål,Oslo – Ullevål,,ullevaal@odontia.no,https://odontia.no/tannlege/oslo-ulleval,Flere pasienter til Odontia Ullevål – gratis oppstartsmåned,ready (kjedeklinikk)
Vest Tannlegepraksis,Oslo – Majorstuen,,firmapost@vest-tannlegepraksis.no,https://vest-tannlegepraksis.no,Flere pasienter til Vest Tannlegepraksis – gratis oppstartsmåned,ready
Christiania Tannlegesenter Frogner,Oslo – Frogner,,frogner@ctls.no,https://christiania-tannlegesenter.no,Fyll kalenderen hos Christiania Tannlegesenter – gratis oppstartsmåned,ready
Charnet Tannmedisin,Oslo – Frogner,,hei@charnet-tannmedisin.no,https://charnet-tannmedisin.no,Flere pasienter til Charnet Tannmedisin – gratis oppstartsmåned,ready
Dentalia Nydalen Tannlegesenter,Oslo – Nydalen,,post@dentalia.no,https://dentalia.no,Flere timebestillinger til Dentalia Nydalen – gratis oppstartsmåned,ready
DentalPark,Oslo – Homansbyen,,post@dentalpark.no,https://dentalpark.no,Flere pasienter til DentalPark – gratis oppstartsmåned,ready
Complete Smiles Oslo,Oslo – Etterstad,,post@completesmiles.no,https://completesmiles.no,Fyll kalenderen hos Complete Smiles – gratis oppstartsmåned,ready
Bjerke Tannmedisin,Oslo – Refstad,,post@tannmedisin.no,https://tannmedisin.no,Flere pasienter til Bjerke Tannmedisin – gratis oppstartsmåned,ready
Blid Tannlege,Oslo – flere avdelinger,,hei@blid.no,https://blid.no,Flere pasienter til Blid – gratis oppstartsmåned,ready (kjede med flere avdelinger)
Centrum Tannlegekontor,Oslo – Karl Johan,,langset@centrumtannlegekontor.no,https://centrumtannlegekontor.no,Flere pasienter til Centrum Tannlegekontor – gratis oppstartsmåned,ready
Bøler Tannhelseklinikk,Oslo – Bøler,,post@bolertannhelse.no,https://bolertannhelse.no,Flere timebestillinger til Bøler Tannhelseklinikk – gratis oppstartsmåned,ready
Dental & Dermal House,Oslo – Sentrum,,kontakt@dentaldermal.no,https://dentaldermal.no,Flere pasienter til Dental & Dermal House – gratis oppstartsmåned,ready
Bogstadveien Tannlege,Oslo – Majorstuen,,post@bogstadveientannlege.no,https://bogstadveientannlege.no,Flere pasienter til Bogstadveien Tannlege – gratis oppstartsmåned,ready
Sandvika Tannklinikk,Sandvika,,postkasse@tannklinikken.com,https://tannklinikken.com,Flere pasienter til Sandvika Tannklinikk – gratis oppstartsmåned,ready
Aurora Tannhelse,Bekkestua,,hei@auroratannhelse.no,https://auroratannhelse.no,Fyll kalenderen hos Aurora Tannhelse – gratis oppstartsmåned,ready
Tannlegene Bratli,Hosle,,post@tannlegenebratli.no,https://tannlegenebratli.no,Flere pasienter til Tannlegene Bratli – gratis oppstartsmåned,ready
Tannlegene på Fornebu,Fornebu,,post@tannfornebu.no,https://tannfornebu.no,Flere timebestillinger til Tannlegene på Fornebu – gratis oppstartsmåned,ready
Tannlegeverket Fornebu,Fornebu,,fornebu@tannlegeverket.no,https://tannlegeverket.no,Flere pasienter til Tannlegeverket Fornebu – gratis oppstartsmåned,ready
Odontia Tannlegene Asker,Asker,,asker@odontia.no,https://odontia.no/tannlege/asker,Flere pasienter til Odontia Asker – gratis oppstartsmåned,ready (kjedeklinikk)
Tannlegene Framnes,Sætre,,post@tannlegeneframnes.no,https://tannlegeneframnes.no,Flere pasienter til Tannlegene Framnes – gratis oppstartsmåned,ready
Spikkestad Tannlegekontor,Spikkestad,,post@spikkestadtannlegene.no,https://spikkestadtannlegene.no,Flere pasienter til Spikkestad Tannlegekontor – gratis oppstartsmåned,ready
Tannlege Espevalen,Drammen,,post@tannlegeespevalen.no,https://tannlegeespevalen.no,Flere pasienter til Tannlege Espevalen – gratis oppstartsmåned,ready
OC Torget Tannlegesenter,Drammen,,hei@torgettannlegesenter.no,https://octannklinikker.no/klinikker/oc-torget-tannlegesenter,Fyll kalenderen hos Torget Tannlegesenter – gratis oppstartsmåned,ready (OC-kjeden)
Pharo Tannhelse,Lierbyen,,post@pharotannhelse.no,https://pharotannhelse.no,Flere pasienter til Pharo Tannhelse – gratis oppstartsmåned,ready
Ski Tannlegesenter og Tannlegevakt,Ski,,hei@entann.no,https://entann.no,Synlighet på akutt-søk for Ski Tannlegevakt – gratis oppstartsmåned,ready
Dentalcity Ski,Ski,,dentalcityski@gmail.com,https://dentalcityski.no,Flere pasienter til Dentalcity Ski – gratis oppstartsmåned,ready
Kolbotn Tannklinikk,Kolbotn/Sofiemyr,,resepsjon2@kolbotntannklinikk.no,https://kolbotntannklinikk.no,Flere timebestillinger til Kolbotn Tannklinikk – gratis oppstartsmåned,ready (IKKE samme som Kolbotn Tannlegesenter)
Langhus Tannklinikk,Langhus,,post@langhustannklinikk.no,https://langhustannklinikk.no,Flere pasienter til Langhus Tannklinikk – gratis oppstartsmåned,ready
Langhus Tannlegesenter,Langhus,,post@tannlegelanghus.no,https://tannlegelanghus.no,Flere pasienter til Langhus Tannlegesenter – gratis oppstartsmåned,ready
Vestby Tannlegesenter,Vestby,,kontor@vestbytannlege.no,https://vestbytannlege.no,Flere timebestillinger til Vestby Tannlegesenter – gratis oppstartsmåned,ready
Vestby Tannregulering,Vestby,,vestby@vestbytannregulering.no,https://vestbytannregulering.no,Flere henvisninger til Vestby Tannregulering – gratis oppstartsmåned,ready
Rehab Tannlegeklinikk Nesodden,Nesodden,,post@tannlegenesodden.no,https://tannlegenesodden.no,Flere pasienter til Rehab Tannlegeklinikk – gratis oppstartsmåned,ready
Drøbak Tannlegesenter,Drøbak,,post@drobaktannlegesenter.no,https://drobaktannlegesenter.no,Flere pasienter til Drøbak Tannlegesenter – gratis oppstartsmåned,ready
Drøbak Tannlegevakt,Drøbak,,info@drobaktannlege.no,https://drobaktannlege.no,Synlighet på akutt-søk for Drøbak Tannlegevakt – gratis oppstartsmåned,ready
Hans og Grete Tannklinikk,Drøbak,,post@hansoggretetannklinikk.no,https://mintdrobak.com,Flere pasienter til Hans og Grete Tannklinikk – gratis oppstartsmåned,ready
Tannverket Moss,Moss,,post@tannverketmoss.no,https://tannverketmoss.no,Fyll kalenderen hos Tannverket Moss – gratis oppstartsmåned,ready
Lørenskog Tannklinikk,Lørenskog,,post@lorenskogtannklinikk.no,https://lorenskogtannklinikk.no,Flere pasienter til Lørenskog Tannklinikk – gratis oppstartsmåned,ready
Lørenskog Tannlegesenter,Lørenskog,,kontakt@lorenskogtannlege.no,https://lorenskogtannlege.no,Flere timebestillinger til Lørenskog Tannlegesenter – gratis oppstartsmåned,ready
Triaden Tannklinikk,Lørenskog,,post@triadentannklinikk.no,https://www.triadentannklinikk.no,Flere pasienter til Triaden Tannklinikk – gratis oppstartsmåned,ready
Tannverden,Rælingen,,post@tannverden.no,https://www.tannverden.no,Fyll kalenderen hos Tannverden – gratis oppstartsmåned,ready
Skedsmokorset Tannhelsesenter,Skedsmokorset,,post@skedsmotann.no,https://skedsmokorsettannhelsesenter.no,Flere pasienter til Skedsmokorset Tannhelsesenter – gratis oppstartsmåned,ready
Fetsund Tannklinikk,Fetsund,,fetsundtannlege@gmail.com,https://www.fetsund-tannklinikk.no,Flere pasienter til Fetsund Tannklinikk – gratis oppstartsmåned,ready
Nittedal Tannlegesenter,Nittedal,,post@nittedaltannlegesenter.no,https://www.nittedaltannlegesenter.no,Flere timebestillinger til Nittedal Tannlegesenter – gratis oppstartsmåned,ready
Jessheim Tannlegesenter,Jessheim,,post@jesstann.no,https://jesstann.no,Flere pasienter til Jessheim Tannlegesenter – gratis oppstartsmåned,ready
Jessheim Tannlegevakt og Tannklinikk,Jessheim,,jessheimtann@gmail.com,https://www.jessheimtann.no,Synlighet på akutt-søk for Jessheim Tannlegevakt – gratis oppstartsmåned,ready
Eidel Tannlegesenter,Eidsvoll,,post@eideltannlegesenter.no,https://www.eideltannlegesenter.no,Flere pasienter til Eidel Tannlegesenter – gratis oppstartsmåned,ready
Nannestad Tannlegesenter,Nannestad,,post@nannestad-tannlegesenter.no,https://nannestad-tannlegesenter.no,Flere pasienter til Nannestad Tannlegesenter – gratis oppstartsmåned,ready
Maura Tannlegesenter,Maura,,post@tannlegemaura.no,https://tannlegemaura.no,Flere pasienter til Maura Tannlegesenter – gratis oppstartsmåned,ready
Din Tannlege Årnes,Årnes,,dintannlege@tannlegeårnes.no,https://www.tannlegeårnes.no,Flere pasienter til Din Tannlege Årnes – gratis oppstartsmåned,ready (verifiser IDN-domene i e-post før sending)
Tannlegene Kriebel og Lund Olsen,Årnes,,post@kriebel-lundolsen.no,https://kriebel-lundolsen.no,Flere pasienter til Tannlegene Kriebel og Lund Olsen – gratis oppstartsmåned,ready
Bjørkelangen Tannhelsesenter,Bjørkelangen,,post@bjorkelangen-tannhelsesenter.no,https://bjorkelangen-tannhelsesenter.no,Flere pasienter til Bjørkelangen Tannhelsesenter – gratis oppstartsmåned,ready
Enebakk Tannlegekontor,Ytre Enebakk,,enebakk.tannlegekontor@outlook.com,https://www.enebakktannlege.no,Flere pasienter til Enebakk Tannlegekontor – gratis oppstartsmåned,ready
Ytre Enebakk Tannklinikk,Ytre Enebakk,,yetannklinikk@gmail.com,https://www.ytreenebakktannklinikk.no,Flere pasienter til Ytre Enebakk Tannklinikk – gratis oppstartsmåned,ready
Tannlege Oslo AS,Oslo – Grønland,,post@oslotannlegeklinikk.no,https://oslotannlegeklinikk.no,Flere pasienter til Tannlege Oslo – gratis oppstartsmåned,ready
Tannlegene på Sinsen,Oslo – Sinsen,,post@tannlegesinsen.no,https://tannlegesinsen.no,Flere pasienter til Tannlegene på Sinsen – gratis oppstartsmåned,ready
Sandvika Tannlegevakt,Sandvika,Naunihal,stlv@live.no,https://sandvikatannlegevakt.no,Synlighet på akutt-søk for Sandvika Tannlegevakt – gratis oppstartsmåned,ready
Youngstorget Tannlegesenter,Oslo sentrum,,pasient@oslotannakutt.no,https://oslotannakutt.no,Synlighet på akutt-søk for Youngstorget Tannlegesenter – gratis oppstartsmåned,ready
Orbdent Oslo,Oslo sentrum,,oslo@orbdent.com,https://orbdent.no,Flere pasienter til Orbdent Oslo – gratis oppstartsmåned,ready
Strømmen Tannhelse og Tannlegevakt,Strømmen,Bhavna,post@strommentannhelse.no,https://strommentannhelse.no,Flere timebestillinger til Strømmen Tannhelse – gratis oppstartsmåned,ready
Lillestrøm Tannhelse,Lillestrøm,Burim,post@lillestromtannhelse.no,https://lillestromtannhelse.no,Flere pasienter til Lillestrøm Tannhelse – gratis oppstartsmåned,ready
Sunn Tannhelseklinikk,Lillestrøm,,post@sunntannhelse.no,https://sunntannhelse.no,Fyll kalenderen hos Sunn Tannhelseklinikk – gratis oppstartsmåned,ready
Kjeller Tannhelse,Kjeller,,post@kjellertannhelse.no,https://kjellertannhelse.no,Flere pasienter til Kjeller Tannhelse – gratis oppstartsmåned,ready
Tannstudio Drammen,Drammen,,post@tannstudiodrammen.no,https://tannstudiodrammen.no,Flere pasienter til Tannstudio Drammen – gratis oppstartsmåned,ready
Hvite Smil,Drammen,,mail@hvitesmil.no,https://hvitesmil.no,Fyll kalenderen hos Hvite Smil – gratis oppstartsmåned,ready
Tannlegeteam Linderud,Oslo – Linderud,,linderud@tannlegeteam.no,https://tannlegeteam.no,Flere pasienter til Tannlegeteam Linderud – gratis oppstartsmåned,ready
Rødtvedt Tannhelsesenter,Oslo – Rødtvet,,post@rodtvedttannhelse.no,https://rodtvedttannhelse.no,Flere pasienter til Rødtvedt Tannhelsesenter – gratis oppstartsmåned,ready
Flow Tannhelse,Sarpsborg,,hei@flowtannhelse.no,https://flowtannhelse.no,Flere pasienter til Flow Tannhelse – gratis oppstartsmåned,ready
Astra Tannklinikk,Sarpsborg,,post@astratannklinikk.no,https://astratannklinikk.no,Fyll kalenderen hos Astra Tannklinikk – gratis oppstartsmåned,ready
Nydalen Tannlegesenter,Oslo – Nydalen,,info@nydalentannlegesenter.no,https://nydalentannlegesenter.no,Flere pasienter til Nydalen Tannlegesenter – gratis oppstartsmåned,ready
Majorstua Tannlegene,Oslo – Majorstuen,,info@majorstuatannlegene.no,https://majorstuatannlegene.no,Flere pasienter til Majorstua Tannlegene – gratis oppstartsmåned,ready
Tannklinikken i Dreggen,Bergen,,post@tannklinikken-as.no,https://www.tannklinikken-as.no,Flere pasienter til Tannklinikken i Dreggen – gratis oppstartsmåned,ready
Åsane Tannlegesenter,Åsane,,tannlege@asatann.com,https://asatann.no,Fyll kalenderen hos Åsane Tannlegesenter – gratis oppstartsmåned,ready
Sartor Tannlegesenter,Straume,,post@sartortannlegesenter.no,https://www.sartortannlegesenter.no,Flere timebestillinger til Sartor Tannlegesenter – gratis oppstartsmåned,ready
Knarvik Tannlegesenter,Knarvik,,firmapost@knarvik-tannlegesenter.no,https://www.knarvik-tannlegesenter.no,Flere pasienter til Knarvik Tannlegesenter – gratis oppstartsmåned,ready
Vågen Tannlegesenter,Bergen,Cecilie,cecilie@vaagentannlegesenter.no,https://vaagentannlegesenter.no,Fyll kalenderen hos Vågen Tannlegesenter – gratis oppstartsmåned,ready
Danmarksplass Tannlegesenter,Bergen,,post@danmarksplass-tannlegesenter.no,https://www.danmarksplass-tannlegesenter.no,Flere timebestillinger til Danmarksplass Tannlegesenter – gratis oppstartsmåned,ready
Voss Tannlegesenter,Voss,Toini,post@vosstannlegesenter.no,https://vosstannlegesenter.no,Flere pasienter til Voss Tannlegesenter – gratis oppstartsmåned,ready
Tannlege Martem,Nesttun,,post@tannlegemartem.no,https://www.tannlegemartem.no,Fyll kalenderen hos Tannlege Martem – gratis oppstartsmåned,ready
Laguneparken Tannklinikk,Rådal,,kontakt@laguneparkentannklinikk.no,https://laguneparkentannklinikk.no,Flere timebestillinger til Laguneparken Tannklinikk – gratis oppstartsmåned,ready
Fana Tannhelsesenter,Kokstad,Pål,pal.wergeland@fanatannhelsesenter.no,https://fanatannhelsesenter.no,Flere pasienter til Fana Tannhelsesenter – gratis oppstartsmåned,ready
Tanngarden Os,Os,,post@tanngarden.no,https://tanngarden.no,Fyll kalenderen hos Tanngarden – gratis oppstartsmåned,ready
Flåten Tannklinikk,Os,,post@flaatentannklinikk.no,https://www.flaatentannklinikk.no,Flere timebestillinger til Flåten Tannklinikk – gratis oppstartsmåned,ready
Ty tannklinikk,Trondheim,,midtbyen@tytannklinikk.no,https://www.tytannklinikk.no,Flere pasienter til Ty tannklinikk – gratis oppstartsmåned,ready
Tanngarden Trondheim,Trondheim,,post@tann-garden.no,https://www.tann-garden.no,Fyll kalenderen hos Tanngarden – gratis oppstartsmåned,ready
Trondheimstannlegene,Trondheim,,post@trondheimstannlegene.no,https://www.trondheimstannlegene.no,Flere timebestillinger til Trondheimstannlegene – gratis oppstartsmåned,ready
Moholt Tannlegesenter,Trondheim,Linda,post@moholttannlegesenter.no,https://www.moholttannlege.no,Flere pasienter til Moholt Tannlegesenter – gratis oppstartsmåned,ready
Byåsen Tannhelse,Trondheim,Ellen,post@byaasentannhelse.no,https://www.byaasentannhelse.no,Fyll kalenderen hos Byåsen Tannhelse – gratis oppstartsmåned,ready
Heimdal Tannlegesenter,Heimdal,,post@heimdaltannlegesenter.no,https://heimdaltannlegesenter.no,Flere timebestillinger til Heimdal Tannlegesenter – gratis oppstartsmåned,ready
Tiller Tannhelse,Tiller,,post@tillertannhelse.no,https://www.tillertannhelse.no,Flere pasienter til Tiller Tannhelse – gratis oppstartsmåned,ready
Tannlegene Dullum,Stjørdal,,stjordal@tannlegenedullum.no,https://tannlegene-dullum.no,Fyll kalenderen hos Tannlegene Dullum – gratis oppstartsmåned,ready
Tannlege Steinkjer,Steinkjer,,post@tannlegesteinkjer.no,https://tannlegesteinkjer.no,Flere timebestillinger til Tannlege Steinkjer – gratis oppstartsmåned,ready
Trikanten Tannmakeri,Verdal,,info@tannmakeriet.no,https://www.tannmakeriet.no,Flere pasienter til Trikanten Tannmakeri – gratis oppstartsmåned,ready
Meierigården Tannklinikk,Levanger,,meierigardentannklinikk@gmail.com,https://meierigardentannklinikk.no,Fyll kalenderen hos Meierigården Tannklinikk – gratis oppstartsmåned,ready
Tannlege Alstad,Levanger,,mea@tannlege-alstad.no,https://www.tannlege-alstad.no,Flere timebestillinger til Tannlege Alstad – gratis oppstartsmåned,ready
Hinna Tannlegesenter,Stavanger,,post@hinnatannlegesenter.no,https://hinnatannlegesenter.no,Flere pasienter til Hinna Tannlegesenter – gratis oppstartsmåned,ready
Forus Tannhelse,Stavanger,Tore,post@forustannhelse.no,https://www.forustannhelse.no,Fyll kalenderen hos Forus Tannhelse – gratis oppstartsmåned,ready
Tannhelsehuset Haugesund,Haugesund,,klinikk@tannhelsehuset.no,https://tannhelsehuset.no,Flere timebestillinger til Tannhelsehuset – gratis oppstartsmåned,ready
Spesialistklinikken Haugesund,Haugesund,,post@spesialistklinikken-haugesund.no,https://spesialistklinikken-haugesund.no,Flere pasienter til Spesialistklinikken Haugesund – gratis oppstartsmåned,ready
Tannlegene Larsen og Bøe,Stavanger,,post@tannlegenelarsenogboe.no,https://tannlegenelarsenogboe.no,Fyll kalenderen hos Tannlegene Larsen og Bøe – gratis oppstartsmåned,ready
Odontia Tannlegene Haugesund,Haugesund,,haugesund@odontia.no,https://odontia.no,Flere timebestillinger til Odontia Haugesund – gratis oppstartsmåned,ready
Tannlegelaget,Sandnes,,post@tannlegelaget.no,https://tannlegelaget.no,Flere pasienter til Tannlegelaget – gratis oppstartsmåned,ready
Arkaden Tannhelse,Stavanger,,post@arkadentannhelse.no,https://www.arkadentannhelse.no,Fyll kalenderen hos Arkaden Tannhelse – gratis oppstartsmåned,ready
Omega Dental,Stavanger,André,tenner@tenner.no,https://www.omegadental.no,Flere timebestillinger til Omega Dental – gratis oppstartsmåned,ready
Tannadi,Sandnes,,tannlegen@tannadi.no,https://tannadi.no,Flere pasienter til Tannadi – gratis oppstartsmåned,ready
Colosseum Tannlege Solakrossen,Sola,,solakrossen@colosseum.no,https://colosseumtannlege.no,Fyll kalenderen hos Colosseum Solakrossen – gratis oppstartsmåned,ready
Colosseum Tannlege Karmøy,Kopervik,,karmoy@colosseum.no,https://colosseumtannlege.no,Flere timebestillinger til Colosseum Karmøy – gratis oppstartsmåned,ready
Colosseum Tannlege Randaberg,Randaberg,,randaberg@colosseum.no,https://colosseumtannlege.no,Flere pasienter til Colosseum Randaberg – gratis oppstartsmåned,ready
Storhaug Tannlegesenter,Stavanger,,storhaugtannlegesenter@gmail.com,https://storhaugtannlegesenter.no,Fyll kalenderen hos Storhaug Tannlegesenter – gratis oppstartsmåned,ready
Jekta Tannklinikk,Tromsø,,post@jektatannklinikk.no,https://jektatannklinikk.no,Fyll kalenderen hos Jekta Tannklinikk – gratis oppstartsmåned,ready
Tromsø Tannlegesenter,Tromsø,,post@tannlegesenteret-tromso.no,https://tannlegesenteret-tromso.no,Flere pasienter til Tromsø Tannlegesenter – gratis oppstartsmåned,ready
Strandtorget Tannklinikk,Tromsø,,post@sttk.no,https://strandtorgettannklinikk.no,Flere timebestillinger til Strandtorget Tannklinikk – gratis oppstartsmåned,ready
Opalia Tannklinikk,Tromsø,,tromso@opalia.no,https://opalia.no,Fyll kalenderen hos Opalia Tannklinikk – gratis oppstartsmåned,ready
Tromsø Tannkirurgi og Narkosesenter,Tromsø,,post@ttkns.no,https://ttkns.no,Flere pasienter til Tromsø Tannkirurgi og Narkosesenter – gratis oppstartsmåned,ready
Bodø Tannlegesenter,Bodø,,post@bodotannlegesenter.no,https://bodotannlegesenter.no,Flere pasienter til Bodø Tannlegesenter – gratis oppstartsmåned,ready
Sandgata Tannklinikk,Bodø,,post@sandgata-tannklinikk.no,https://www.sandgata-tannklinikk.no,Fyll kalenderen hos Sandgata Tannklinikk – gratis oppstartsmåned,ready
City Nord Tannhelse,Bodø,,post@citynordtannhelse.no,https://citynordtannhelse.no,Flere timebestillinger til City Nord Tannhelse – gratis oppstartsmåned,ready
Sentrum Tannklinikk Harstad,Harstad,,post@tennerisentrum.no,https://www.tannlegeharstad.no,Flere pasienter til Sentrum Tannklinikk Harstad – gratis oppstartsmåned,ready
Harstad Tannhelsesenter,Harstad,,post@harstadtannhelsesenter.no,https://www.harstadtannhelsesenter.no,Fyll kalenderen hos Harstad Tannhelsesenter – gratis oppstartsmåned,ready
Torvet Tannklinikk,Narvik,,torvet.tannklinikk@gmail.com,https://www.torvet-tannklinikk.no,Flere timebestillinger til Torvet Tannklinikk – gratis oppstartsmåned,ready
Hoff Petersen Tannhelse,Mosjøen,,post@hpth.no,https://www.hpth.no,Flere pasienter til Hoff Petersen Tannhelse – gratis oppstartsmåned,ready
Hamar Tannlegevakt,Hamar,,post@hamartannlegevakt.as,https://hamartannlegevakt.as,Flere pasienter til Hamar Tannlegevakt – gratis oppstartsmåned,ready
Aktiv Tannhelse Hamar,Hamar,,post@aktivtannhelse.no,https://www.aktivtannhelse.no,Fyll kalenderen hos Aktiv Tannhelse – gratis oppstartsmåned,ready
Hartz Dental,Elverum,,info@hartzdental.no,https://hartzdental.no,Flere timebestillinger til Hartz Dental – gratis oppstartsmåned,ready
Gjøvik Tannlegesenter,Gjøvik,,post@gjoviktann.no,https://gjovik-tannlegesenter.no,Flere pasienter til Gjøvik Tannlegesenter – gratis oppstartsmåned,ready
Tannlege Jaghlasian,Kongsvinger,Georges,post@tannlegekongsvinger.no,https://tannlegekongsvinger.no,Fyll kalenderen hos Tannlege Jaghlasian – gratis oppstartsmåned,ready
Kongsvinger Tannhelse,Kongsvinger,,post@kongsvingertannhelse.no,https://kongsvingertannhelse.no,Flere timebestillinger til Kongsvinger Tannhelse – gratis oppstartsmåned,ready
Kilentannlegen,Sandefjord,,kontakt@kilentannlegen.no,https://kilentannlegen.no,Flere pasienter til Kilentannlegen – gratis oppstartsmåned,ready
Tannhelseklinikken Annette Bøvre,Sandefjord,Annette,post@tannhelseklinikkensandefjord.no,https://tannhelseklinikkensandefjord.no,Fyll kalenderen hos Tannhelseklinikken Annette Bøvre – gratis oppstartsmåned,ready
Hvalen Tannklinikk,Sandefjord,,kontor@hvaltann.no,https://www.hvaltann.no,Flere timebestillinger til Hvalen Tannklinikk – gratis oppstartsmåned,ready
Larvik Tannhelse,Larvik,,post@larviktannhelse.no,https://larviktannhelse.no,Flere pasienter til Larvik Tannhelse – gratis oppstartsmåned,ready
Sentrum Tannklinikk Larvik,Larvik,,post@sentrumtannklinikklarvik.no,https://sentrumtannklinikklarvik.no,Fyll kalenderen hos Sentrum Tannklinikk Larvik – gratis oppstartsmåned,ready
Braarud Tannlegene,Horten,Nina,nina@landquist.no,https://www.tannlegehorten.no,Flere timebestillinger til Braarud Tannlegene – gratis oppstartsmåned,ready
Linden Tannklinikk,Horten,,lindentannklinikk@gmail.com,https://www.lindentannklinikk.no,Flere pasienter til Linden Tannklinikk – gratis oppstartsmåned,ready
Handelstorget Tannlegesenter,Skien,,tannlegene@handelstorget-tann.no,https://www.handelstorget-tann.no,Fyll kalenderen hos Handelstorget Tannlegesenter – gratis oppstartsmåned,ready
Tannlege Borge,Porsgrunn,Magne,magne@tannlegeborge.no,https://www.tannlegeborge.no,Flere timebestillinger til Tannlege Borge – gratis oppstartsmåned,ready
Tannlegene på Søsterhjemmet,Porsgrunn,,tannlegene@sosterhjemmet.no,https://tannlegesosterhjemmet.no,Flere pasienter til Tannlegene på Søsterhjemmet – gratis oppstartsmåned,ready
Notodden Dental,Notodden,Svetlana,svetlana@aubert.as,https://tannlegeaubert.no,Fyll kalenderen hos Notodden Dental – gratis oppstartsmåned,ready
Privattannlegene Fredrikstad,Fredrikstad,,resepsjon@privattannlegene.no,https://privattannlegene.no,Flere timebestillinger til Privattannlegene – gratis oppstartsmåned,ready
Tannkontoret Sarpsborg,Sarpsborg,,post@tannkontoret.no,https://tannkontoret.no,Flere pasienter til Tannkontoret – gratis oppstartsmåned,ready
Halden Tannhelsesenter,Halden,,post@haldentannhelsesenter.no,https://haldentannhelsesenter.no,Fyll kalenderen hos Halden Tannhelsesenter – gratis oppstartsmåned,ready
Torshov Tannklinikk,Oslo – Torshov,,post@torshovtannklinikk.no,https://torshovtannklinikk.no,Flere pasienter til Torshov Tannklinikk – gratis oppstartsmåned,ready
Torshov Tannlegesenter,Oslo – Torshov,,post@torshovtannlegesenter.no,https://torshovtannlege.no,Fyll kalenderen hos Torshov Tannlegesenter – gratis oppstartsmåned,ready
Røa Tannhelse,Oslo – Røa,,post@roatannhelse.no,https://www.roatannhelse.no,Flere timebestillinger til Røa Tannhelse – gratis oppstartsmåned,ready
Røa Tannklinikk,Oslo – Røa,,post@rtannklinikk.no,https://www.rtannklinikk.no,Flere pasienter til Røa Tannklinikk – gratis oppstartsmåned,ready
Nordstrand Tannhelse,Oslo – Ljan,Trond,post@nordstrandtannhelse.no,https://www.nordstrandtannhelse.no,Fyll kalenderen hos Nordstrand Tannhelse – gratis oppstartsmåned,ready
Tannsmil Manglerud Tannhelsesenter,Oslo – Manglerud,,post@tannsmil.no,https://tannsmil.no,Flere pasienter til Tannsmil Manglerud Tannhelsesenter – gratis oppstartsmåned,ready
Helsfyr Tannklinikk,Oslo – Helsfyr,,post@helsfyrtannklinikk.no,https://helsfyrtannklinikk.no,Flere timebestillinger til Helsfyr Tannklinikk – gratis oppstartsmåned,ready
Vinderentannlegene,Oslo – Vinderen,,golden@vinderentannlegene.no,https://vinderentannlegene.no,Flere pasienter til Vinderentannlegene – gratis oppstartsmåned,ready
Lambertseter Tannlegesenter,Oslo – Lambertseter,,post@lamtann.no,https://lambertseter-tannlegesenter.no,Fyll kalenderen hos Lambertseter Tannlegesenter – gratis oppstartsmåned,ready
MedDentCare Tann og Helse,Oslo – Skøyen,,post@meddentcare.no,https://meddentcare.no,Flere pasienter til MedDentCare Tann og Helse – gratis oppstartsmåned,ready
Tannlege Vegard Winge,Oslo – Ekeberg,Vegard,post@tannlegevwinge.no,https://tannlegevwinge.no,Flere timebestillinger til Tannlege Vegard Winge – gratis oppstartsmåned,ready
Holtet Tannlegesenter,Oslo – Bekkelaget,,holtettannlegesenter@gmail.com,https://www.nordstrandtannlege.no,Flere pasienter til Holtet Tannlegesenter – gratis oppstartsmåned,ready
Ryen Tannhelseklinikk,Oslo – Ryen,,post@ryentannhelse.no,https://www.ryentannhelse.no,Fyll kalenderen hos Ryen Tannhelseklinikk – gratis oppstartsmåned,ready
DiDent Tannlegesenter,Oslo – Sagene,,info@dident.no,https://www.dident.no,Flere pasienter til DiDent Tannlegesenter – gratis oppstartsmåned,ready
Bekkestua Tannlegesenter,Bekkestua,,post@bekkestuatannlegesenter.no,https://bekkestuatannlegesenter.no,Flere pasienter til Bekkestua Tannlegesenter – gratis oppstartsmåned,ready
Bekkestua Tannmedisin,Bekkestua,,post@bekkestuatannmedisin.no,https://bekkestuatannmedisin.no,Fyll kalenderen hos Bekkestua Tannmedisin – gratis oppstartsmåned,ready
Holmen Tannklinikk,Nesbru,,post@holmentannklinikk.no,https://www.holmentannklinikk.no,Flere timebestillinger til Holmen Tannklinikk – gratis oppstartsmåned,ready
Heggedal Tannhelse,Heggedal,Prashant,post@heggedaltannhelse.no,https://heggedaltannhelse.no,Flere pasienter til Heggedal Tannhelse – gratis oppstartsmåned,ready
Haslum Tannlegekontor,Haslum,Martin,post@haslumtann.no,https://haslumtann.no,Fyll kalenderen hos Haslum Tannlegekontor – gratis oppstartsmåned,ready
Eiksmarka Tannlegesenter,Eiksmarka,,post@eiksmarkatannlegesenter.no,https://eiksmarkatannlegesenter.no,Flere timebestillinger til Eiksmarka Tannlegesenter – gratis oppstartsmåned,ready
Sandboe Tannlegesenter,Asker,,post@tannlege.as,https://tannlege.as,Flere pasienter til Sandboe Tannlegesenter – gratis oppstartsmåned,ready
Vollen Tannklinikk,Vollen,Julianne,post@vollentannklinikk.no,https://www.vollentannklinikk.no,Fyll kalenderen hos Vollen Tannklinikk – gratis oppstartsmåned,ready
Asker og Bærum Tannklinikk,Sandvika,,post@abtann.no,https://abtann.no,Flere timebestillinger til Asker og Bærum Tannklinikk – gratis oppstartsmåned,ready
Askertannlegene,Asker,,time@askertannlegene.no,https://askertannlegene.no,Flere pasienter til Askertannlegene – gratis oppstartsmåned,ready
Tannlegene Nesbru Senter,Nesbru,,post@tannlegene-nesbru.no,https://www.tannlegene-nesbru.no,Fyll kalenderen hos Tannlegene Nesbru Senter – gratis oppstartsmåned,ready
Bærums Verk Tannlegesenter,Bærums Verk,Cathrine,post@baerumsverktannlegesenter.no,https://www.baerumsverktannlegesenter.no,Flere timebestillinger til Bærums Verk Tannlegesenter – gratis oppstartsmåned,ready
Kløfta Tannlegesenter,Kløfta,,post@ktannlege.no,https://www.ktannlege.no,Flere pasienter til Kløfta Tannlegesenter – gratis oppstartsmåned,ready
Råholt Tannlegesenter,Råholt,,post@tannlegeraaholt.no,https://www.tannlegeraaholt.no,Flere timebestillinger til Råholt Tannlegesenter – gratis oppstartsmåned,ready
Årnes Tannregulering og Tannhelse,Årnes,,post@aarnestannhelse.no,https://www.aarnestannhelse.no,Flere pasienter til Årnes Tannregulering og Tannhelse – gratis oppstartsmåned,ready
Tanngarden Sørumsand,Sørumsand,,post@tanngarden.com,https://www.tanngarden.com,Fyll kalenderen hos Tanngarden Sørumsand – gratis oppstartsmåned,ready
Stavrum Vilhelmsen Tannklinikk,Nittedal,,post@stavrumvilhelmsen.no,https://stavrumvilhelmsen.no,Flere timebestillinger til Stavrum Vilhelmsen Tannklinikk – gratis oppstartsmåned,ready
Frogner Tannlegesenter Sørum,Frogner,Mai,post@frognertannlegesenter.no,https://frognertannlegesenter.no,Flere pasienter til Frogner Tannlegesenter – gratis oppstartsmåned,ready
Fjerdingby Tannhelse,Fjerdingby,Vaida,post@fjerdingbytannhelse.no,https://fjerdingbytannhelse.no,Fyll kalenderen hos Fjerdingby Tannhelse – gratis oppstartsmåned,ready
Din Tannlege Jessheim,Jessheim,Leon,post@dintannlege.no,https://www.dintannlege.no,Flere pasienter til Din Tannlege Jessheim – gratis oppstartsmåned,ready
Tannlegene Giving,Skjetten,,post@tannlegenegiving.no,https://tannlegegiving.no,Fyll kalenderen hos Tannlegene Giving – gratis oppstartsmåned,ready
Fredrikstad Tannhelse,Fredrikstad,,post@fredrikstadtannhelse.no,https://fredrikstadtannhelse.no,Flere pasienter til Fredrikstad Tannhelse – gratis oppstartsmåned,ready
Tann i Tiden,Fredrikstad,,post@nytann.no,https://tannitiden.no,Fyll kalenderen hos Tann i Tiden – gratis oppstartsmåned,ready
Farmannsgate Tannlegesenter,Fredrikstad,,kontakt@farmanntann.no,https://farmanntann.no,Flere timebestillinger til Farmannsgate Tannlegesenter – gratis oppstartsmåned,ready
Torget Tannhelse,Sarpsborg,,post@torgettann.no,https://torgettann.no,Flere pasienter til Torget Tannhelse – gratis oppstartsmåned,ready
Askim Tannhelsesenter,Askim,,post@askimtannhelsesenter.no,https://tannlege-askim.no,Fyll kalenderen hos Askim Tannhelsesenter – gratis oppstartsmåned,ready
Melodent Spydeberg,Spydeberg,,spydeberg@melodent.no,https://melodent.no,Flere pasienter til Melodent Spydeberg – gratis oppstartsmåned,ready
Melodent Mysen,Mysen,,mysen@melodent.no,https://melodent.no,Flere timebestillinger til Melodent Mysen – gratis oppstartsmåned,ready
Fagertann Tannklinikk,Fagerstrand,,post@fagertann.no,https://fagertann.no,Flere pasienter til Fagertann Tannklinikk – gratis oppstartsmåned,ready
Akriss Tannhelse,Nesoddtangen,,tannhelse@akriss.no,https://akriss.no,Fyll kalenderen hos Akriss Tannhelse – gratis oppstartsmåned,ready
Follo Tannlegesenter,Ski,,post@follotannlegesenter.no,https://tannlege-ski.no,Flere timebestillinger til Follo Tannlegesenter – gratis oppstartsmåned,ready
Dentix Tannhelse,Nesoddtangen,,post@dentix.no,https://dentix.no,Flere pasienter til Dentix Tannhelse – gratis oppstartsmåned,ready
Jeløy Tannklinikk,Moss,,post@jeloytannklinikk.no,https://jeloytannklinikk.no,Fyll kalenderen hos Jeløy Tannklinikk – gratis oppstartsmåned,ready
Kongsberg Tannlegesenter,Kongsberg,,post@kongsberg-tannlegesenter.no,https://kongsberg-tannlegesenter.no,Flere pasienter til Kongsberg Tannlegesenter – gratis oppstartsmåned,ready
Vestsiden Tannlegekontor,Kongsberg,,post@tannlegen-kongsberg.no,https://tannlegen-kongsberg.no,Fyll kalenderen hos Vestsiden Tannlegekontor – gratis oppstartsmåned,ready
Berja Tannklinikk,Kongsberg,,post@berjasentertannklinikk.no,https://berjasentertannklinikk.no,Flere timebestillinger til Berja Tannklinikk – gratis oppstartsmåned,ready
Accept Dental,Hokksund,,service@acceptdental.no,https://acceptdental.no,Flere pasienter til Accept Dental – gratis oppstartsmåned,ready
Tannlege Niclas Berggren,Hønefoss,Niclas,post@tannlegeniclasberggren.no,https://tannlegeniclasberggren.no,Fyll kalenderen hos Tannlege Niclas Berggren – gratis oppstartsmåned,ready
Nohre Berg Tannklinikk,Hønefoss,,tannlegenb@gmail.com,https://nohrebergtannklinikk.no,Flere timebestillinger til Nohre Berg Tannklinikk – gratis oppstartsmåned,ready
Tannlegekompaniet Hønefoss,Hønefoss,,post@tannlegekompaniet.no,https://tannlegekompaniet.no,Flere pasienter til Tannlegekompaniet – gratis oppstartsmåned,ready
Drammen Tannhelsesenter,Drammen,,post@dtannhelse.no,https://dtannhelse.no,Flere timebestillinger til Drammen Tannhelsesenter – gratis oppstartsmåned,ready
Sydow og Mo,Drammen,,post@sydowogmo.no,https://sydowogmo.no,Flere pasienter til Sydow og Mo – gratis oppstartsmåned,ready
HA Tannlege,Hamar,,post@ha-tannlege.no,https://ha-tannlege.no,Fyll kalenderen hos HA Tannlege – gratis oppstartsmåned,ready
MN Tannlegeklinikk,Hamar,,mntannlegeklinikk@gmail.com,https://mntannlegeklinikk.no,Flere timebestillinger til MN Tannlegeklinikk – gratis oppstartsmåned,ready
Din Tannklinikk,Helsfyr / Oslo øst,,post@dintannklinikk.no,https://dintannklinikk.no,Flere pasienter til Din Tannklinikk – gratis oppstartsmåned,ready
Oslo Tannlegesenter,Sentrum (Vika),,post@oslotannlegesenter.no,https://oslotannlegesenter.no,Fyll kalenderen hos Oslo Tannlegesenter – gratis oppstartsmåned,ready
Tøyen Tannlegevakt,Tøyen / Oslo øst,,tannlegesenter@gmail.com,https://toyentannlegevakt.no,Flere pasienter til Tøyen Tannlegevakt – gratis oppstartsmåned,ready
Sentrum Tannlegevakt & Tannlegeklinikk,Sentrum,,sentrumtannlegevakt@gmail.com,https://sentrumtannlegeklinikk.no,Fyll kalenderen hos Sentrum Tannlegevakt & Tannlegeklinikk – gratis oppstartsmåned,ready
Bærum-Sandvika Tannlegevakt,Sandvika,,post@bstannlegevakt.no,https://bstannlegevakt.no,Flere pasienter til Bærum-Sandvika Tannlegevakt – gratis oppstartsmåned,ready
Emaljen Tannklinikk,Sentrum,,post@emaljentannklinikk.no,https://emaljentannklinikk.no,Fyll kalenderen hos Emaljen Tannklinikk – gratis oppstartsmåned,ready
Oslo Sentrum Tannklinikk,Sentrum,,post@oslosentrumtannklinikk.no,https://oslosentrumtannklinikk.no,Flere pasienter til Oslo Sentrum Tannklinikk – gratis oppstartsmåned,ready
NurDent Lillestrøm Tannlegesenter,Lillestrøm,,kontakt@nurdent.no,https://nurdent.no,Flere timebestillinger til NurDent Lillestrøm Tannlegesenter – gratis oppstartsmåned,ready
Lillestrøm Tannklinikk og Tannlegevakt,Lillestrøm,,h.g@hotmail.no,https://lillestromtannlegevakt.no,Flere pasienter til Lillestrøm Tannklinikk og Tannlegevakt – gratis oppstartsmåned,ready
